[{
  "_id": "121",
  "data": {
    "Supply": {
      "createdTS": 1673100655,
      "AccountNo": "",
      "AdjustmentType": "ABSOLUTE",
      "BuyerOrganizationCode": "",
      "ConfirmShipment": "N",
      "EnterpriseCode": "",
      "InventoryItemKey": "2023123016041733673",
      "InventoryOrganizationCode": "DEFAULT",
      "ItemID": "Item1",
      "OrderHeaderKey": "",
      "OrderLineKey": "",
      "OrderNo": "",
      "OwnerKey": "",
      "PrimeLineNo": "",
      "ProductClass": "",
      "Quantity": "100",
      "ReasonCode": "",
      "ReasonText": "",
      "Reference_1": "",
      "Reference_2": "",
      "Reference_3": "",
      "Reference_4": "",
      "Reference_5": "",
      "Segment": "",
      "SegmentType": "",
      "SellerOrganizationCode": "",
      "SequenceNo": "0",
      "ShipNode": "Store1",
      "SubLineNo": "",
      "SupplyReference": "",
      "SupplyReferenceType": "",
      "SupplyType": "ONHAND",
      "UnitOfMeasure": ""
    }
  },
  "_class": "com.ppk.avlSnapshot.model.SupplyInvSync"
}]