[{
  "_id": "12345",
  "data": {
    "Demand": {
      "createdTS": 1704613687,
      "BuyerOrganizationCode": "",
      "ConfirmShipment": "N",
      "DemandReference": "",
      "DemandReferenceType": "",
      "DemandShipDate": "2023-12-30",
      "DemandType": "OPEN_ORDER",
      "EnterpriseCode": "DEFAULT",
      "InventoryItemKey": "2023123016041733673",
      "ItemID": "Item1",
      "OrderHeaderKey": "2023123016094533727",
      "OrderLineKey": "2023123016094533728",
      "OrderNo": "Y100000007",
      "OwnerKey": "DEFAULT",
      "PrimeLineNo": "1",
      "ProductClass": "",
      "Quantity": "5.00",
      "Segment": "",
      "SegmentType": "",
      "SellerOrganizationCode": "DEFAULT",
      "ShipNode": "Store1",
      "SubLineNo": "1",
      "UnitOfMeasure": "",
      "Tag": {
        "BatchNo": "",
        "LotAttribute1": "",
        "LotAttribute2": "",
        "LotAttribute3": "",
        "LotKeyReference": "",
        "LotNumber": "",
        "RevisionNo": ""
      }
    }
  },
  "_class": "com.ppk.avlSnapshot.model.DemandAudit"
},
{
  "_id": "12346",
  "data": {
    "Demand": {
      "createdTS": 1704613687,
      "BuyerOrganizationCode": "",
      "ConfirmShipment": "N",
      "DemandReference": "",
      "DemandReferenceType": "",
      "DemandShipDate": "2023-12-30",
      "DemandType": "OPEN_ORDER",
      "EnterpriseCode": "DEFAULT",
      "InventoryItemKey": "2023123016041733673",
      "ItemID": "Item1",
      "OrderHeaderKey": "2023123016094533727",
      "OrderLineKey": "2023123016094533728",
      "OrderNo": "Y100000007",
      "OwnerKey": "DEFAULT",
      "PrimeLineNo": "1",
      "ProductClass": "",
      "Quantity": "5.00",
      "Segment": "",
      "SegmentType": "",
      "SellerOrganizationCode": "DEFAULT",
      "ShipNode": "Store1",
      "SubLineNo": "1",
      "UnitOfMeasure": "",
      "Tag": {
        "BatchNo": "",
        "LotAttribute1": "",
        "LotAttribute2": "",
        "LotAttribute3": "",
        "LotKeyReference": "",
        "LotNumber": "",
        "RevisionNo": ""
      }
    }
  },
  "_class": "com.ppk.avlSnapshot.model.DemandAudit"
},
{
  "_id": "123467",
  "data": {
    "Demand": {
      "createdTS": 1704609920,
      "BuyerOrganizationCode": "",
      "ConfirmShipment": "Y",
      "DemandReference": "",
      "DemandReferenceType": "",
      "DemandShipDate": "2023-12-30",
      "DemandType": "OPEN_ORDER",
      "EnterpriseCode": "DEFAULT",
      "InventoryItemKey": "2023123016041733673",
      "ItemID": "Item1",
      "OrderHeaderKey": "2023123016094533727",
      "OrderLineKey": "2023123016094533728",
      "OrderNo": "Y100000007",
      "OwnerKey": "DEFAULT",
      "PrimeLineNo": "1",
      "ProductClass": "",
      "Quantity": "1",
      "Segment": "",
      "SegmentType": "",
      "SellerOrganizationCode": "DEFAULT",
      "ShipNode": "Store1",
      "SubLineNo": "1",
      "UnitOfMeasure": "",
      "Tag": {
        "BatchNo": "",
        "LotAttribute1": "",
        "LotAttribute2": "",
        "LotAttribute3": "",
        "LotKeyReference": "",
        "LotNumber": "",
        "RevisionNo": ""
      }
    }
  },
  "_class": "com.ppk.avlSnapshot.model.DemandAudit"
},
{
  "_id": "123468",
  "data": {
    "Demand": {
      "createdTS": 1704610220,
      "BuyerOrganizationCode": "",
      "ConfirmShipment": "Y",
      "DemandReference": "",
      "DemandReferenceType": "",
      "DemandShipDate": "2023-12-30",
      "DemandType": "SCHEDULED",
      "EnterpriseCode": "DEFAULT",
      "InventoryItemKey": "2023123016041733673",
      "ItemID": "Item1",
      "OrderHeaderKey": "2023123016094533727",
      "OrderLineKey": "2023123016094533728",
      "OrderNo": "Y100000007",
      "OwnerKey": "DEFAULT",
      "PrimeLineNo": "1",
      "ProductClass": "",
      "Quantity": "1",
      "Segment": "",
      "SegmentType": "",
      "SellerOrganizationCode": "DEFAULT",
      "ShipNode": "Store1",
      "SubLineNo": "1",
      "UnitOfMeasure": "",
      "Tag": {
        "BatchNo": "",
        "LotAttribute1": "",
        "LotAttribute2": "",
        "LotAttribute3": "",
        "LotKeyReference": "",
        "LotNumber": "",
        "RevisionNo": ""
      }
    }
  },
  "_class": "com.ppk.avlSnapshot.model.DemandAudit"
},
{
  "_id": "123469",
  "data": {
    "Demand": {
      "createdTS": 1704613820,
      "BuyerOrganizationCode": "",
      "ConfirmShipment": "Y",
      "DemandReference": "",
      "DemandReferenceType": "",
      "DemandShipDate": "2023-12-30",
      "DemandType": "ALLOCATED",
      "EnterpriseCode": "DEFAULT",
      "InventoryItemKey": "2023123016041733673",
      "ItemID": "Item1",
      "OrderHeaderKey": "2023123016094533727",
      "OrderLineKey": "2023123016094533728",
      "OrderNo": "Y100000007",
      "OwnerKey": "DEFAULT",
      "PrimeLineNo": "1",
      "ProductClass": "",
      "Quantity": "1",
      "Segment": "",
      "SegmentType": "",
      "SellerOrganizationCode": "DEFAULT",
      "ShipNode": "Store1",
      "SubLineNo": "1",
      "UnitOfMeasure": "",
      "Tag": {
        "BatchNo": "",
        "LotAttribute1": "",
        "LotAttribute2": "",
        "LotAttribute3": "",
        "LotKeyReference": "",
        "LotNumber": "",
        "RevisionNo": ""
      }
    }
  },
  "_class": "com.ppk.avlSnapshot.model.DemandAudit"
},
{
  "_id": "1234610",
  "data": {
    "Demand": {
      "createdTS": 1704621020,
      "BuyerOrganizationCode": "",
      "ConfirmShipment": "Y",
      "DemandReference": "",
      "DemandReferenceType": "",
      "DemandShipDate": "2023-12-30",
      "DemandType": "CONFIRM_SHIPMENT",
      "EnterpriseCode": "DEFAULT",
      "InventoryItemKey": "2023123016041733673",
      "ItemID": "Item1",
      "OrderHeaderKey": "2023123016094533727",
      "OrderLineKey": "2023123016094533728",
      "OrderNo": "Y100000007",
      "OwnerKey": "DEFAULT",
      "PrimeLineNo": "1",
      "ProductClass": "",
      "Quantity": "-1",
      "Segment": "",
      "SegmentType": "",
      "SellerOrganizationCode": "DEFAULT",
      "ShipNode": "Store1",
      "SubLineNo": "1",
      "UnitOfMeasure": "",
      "Tag": {
        "BatchNo": "",
        "LotAttribute1": "",
        "LotAttribute2": "",
        "LotAttribute3": "",
        "LotKeyReference": "",
        "LotNumber": "",
        "RevisionNo": ""
      }
    }
  },
  "_class": "com.ppk.avlSnapshot.model.DemandAudit"
},
{
  "_id": "Y100000007",
  "data": {
    "Demand": {
      "createdTS": 1704621020,
      "BuyerOrganizationCode": "",
      "ConfirmShipment": "Y",
      "DemandReference": "",
      "DemandReferenceType": "",
      "DemandShipDate": "2023-12-30",
      "DemandType": "CONFIRM_SHIPMENT",
      "EnterpriseCode": "DEFAULT",
      "InventoryItemKey": "2023123016041733673",
      "ItemID": "Item1",
      "OrderHeaderKey": "2023123016094533727",
      "OrderLineKey": "2023123016094533728",
      "OrderNo": "Y100000007",
      "OwnerKey": "DEFAULT",
      "PrimeLineNo": "1",
      "ProductClass": "",
      "Quantity": "-1",
      "Segment": "",
      "SegmentType": "",
      "SellerOrganizationCode": "DEFAULT",
      "ShipNode": "Store1",
      "SubLineNo": "1",
      "UnitOfMeasure": "",
      "Tag": {
        "BatchNo": "",
        "LotAttribute1": "",
        "LotAttribute2": "",
        "LotAttribute3": "",
        "LotKeyReference": "",
        "LotNumber": "",
        "RevisionNo": ""
      }
    }
  },
  "_class": "com.ppk.avlSnapshot.model.DemandAudit"
},
{
  "_id": "001",
  "data": {
    "Demand": {
      "createdTS": 1704618020,
      "BuyerOrganizationCode": "",
      "ConfirmShipment": "N",
      "DemandReference": "",
      "DemandReferenceType": "",
      "DemandShipDate": "2023-12-30",
      "DemandType": "OPEN_ORDER",
      "EnterpriseCode": "DEFAULT",
      "InventoryItemKey": "2023123016041733673",
      "ItemID": "Item1",
      "OrderHeaderKey": "2023123016094533727",
      "OrderLineKey": "2023123016094533728",
      "OrderNo": "ORD001",
      "OwnerKey": "DEFAULT",
      "PrimeLineNo": "1",
      "ProductClass": "",
      "Quantity": "1",
      "Segment": "",
      "SegmentType": "",
      "SellerOrganizationCode": "DEFAULT",
      "ShipNode": "Store1",
      "SubLineNo": "1",
      "UnitOfMeasure": "",
      "Tag": {
        "BatchNo": "",
        "LotAttribute1": "",
        "LotAttribute2": "",
        "LotAttribute3": "",
        "LotKeyReference": "",
        "LotNumber": "",
        "RevisionNo": ""
      }
    }
  },
  "_class": "com.ppk.avlSnapshot.model.DemandAudit"
},
{
  "_id": "002",
  "data": {
    "Demand": {
      "createdTS": 1704618920,
      "BuyerOrganizationCode": "",
      "ConfirmShipment": "N",
      "DemandReference": "",
      "DemandReferenceType": "",
      "DemandShipDate": "2023-12-30",
      "DemandType": "SCHEDLUED",
      "EnterpriseCode": "DEFAULT",
      "InventoryItemKey": "2023123016041733673",
      "ItemID": "Item1",
      "OrderHeaderKey": "2023123016094533727",
      "OrderLineKey": "2023123016094533728",
      "OrderNo": "ORD001",
      "OwnerKey": "DEFAULT",
      "PrimeLineNo": "1",
      "ProductClass": "",
      "Quantity": "1",
      "Segment": "",
      "SegmentType": "",
      "SellerOrganizationCode": "DEFAULT",
      "ShipNode": "Store1",
      "SubLineNo": "1",
      "UnitOfMeasure": "",
      "Tag": {
        "BatchNo": "",
        "LotAttribute1": "",
        "LotAttribute2": "",
        "LotAttribute3": "",
        "LotKeyReference": "",
        "LotNumber": "",
        "RevisionNo": ""
      }
    }
  },
  "_class": "com.ppk.avlSnapshot.model.DemandAudit"
}]