[{
  "_id": "125",
  "data": {
    "Supply": {
      "createdTS": 1704640101,
      "AccountNo": "",
      "AdjustmentType": "ADJUSTMENT",
      "BuyerOrganizationCode": "",
      "ConfirmShipment": "",
      "DocumentType": "",
      "EnterpriseCode": "",
      "InventoryItemKey": "2023123016041733673",
      "InventoryOrganizationCode": "DEFAULT",
      "ItemID": "Item1",
      "OrderHeaderKey": "",
      "OrderLineKey": "",
      "OrderNo": "ORD001",
      "OwnerKey": "",
      "PrimeLineNo": "1",
      "ProductClass": "GOOD",
      "Quantity": "1",
      "ReasonCode": "",
      "ReasonText": "",
      "Reference_1": "",
      "Reference_2": "",
      "Reference_3": "",
      "Reference_4": "",
      "Reference_5": "",
      "Segment": "",
      "SegmentType": "",
      "SellerOrganizationCode": "",
      "ShipByDate": "",
      "ShipNode": "",
      "SubLineNo": "",
      "SupplyReference": "",
      "SupplyReferenceType": "",
      "SupplyType": "ONHAND",
      "UnitOfMeasure": "",
      "Tag": {
        "BatchNo": "",
        "LotAttribute1": "",
        "LotAttribute2": "",
        "LotAttribute3": "",
        "LotKeyReference": "",
        "LotNumber": "",
        "ManufacturingDate": "",
        "RevisionNo": ""
      }
    }
  },
  "_class": "com.ppk.avlSnapshot.model.SupplyAudit"
},
{
  "_id": "126",
  "data": {
    "Supply": {
      "createdTS": 1704640198,
      "AccountNo": "",
      "AdjustmentType": "ADJUSTMENT",
      "BuyerOrganizationCode": "",
      "ConfirmShipment": "",
      "DocumentType": "",
      "EnterpriseCode": "",
      "InventoryItemKey": "2023123016041733673",
      "InventoryOrganizationCode": "DEFAULT",
      "ItemID": "Item1",
      "OrderHeaderKey": "",
      "OrderLineKey": "",
      "OrderNo": "ORD001",
      "OwnerKey": "",
      "PrimeLineNo": "1",
      "ProductClass": "GOOD",
      "Quantity": "1",
      "ReasonCode": "",
      "ReasonText": "",
      "Reference_1": "",
      "Reference_2": "",
      "Reference_3": "",
      "Reference_4": "",
      "Reference_5": "",
      "Segment": "",
      "SegmentType": "",
      "SellerOrganizationCode": "",
      "ShipByDate": "",
      "ShipNode": "Store1",
      "SubLineNo": "",
      "SupplyReference": "",
      "SupplyReferenceType": "",
      "SupplyType": "ALLOCATED",
      "UnitOfMeasure": "",
      "Tag": {
        "BatchNo": "",
        "LotAttribute1": "",
        "LotAttribute2": "",
        "LotAttribute3": "",
        "LotKeyReference": "",
        "LotNumber": "",
        "ManufacturingDate": "",
        "RevisionNo": ""
      }
    }
  },
  "_class": "com.ppk.avlSnapshot.model.SupplyAudit"
}]